epoch,time,train/box_loss,train/cls_loss,train/dfl_loss,metrics/precision(B),metrics/recall(B),metrics/mAP50(B),metrics/mAP50-95(B),val/box_loss,val/cls_loss,val/dfl_loss,lr/pg0,lr/pg1,lr/pg2
1,83.5751,1.1184228,2.1291435,1.5503301,0.7799119000000001,0.776791,0.7934762,0.4907691,1.2434598,1.7037801,1.8221840999999999,0.00036527238000000004,0.00036527238000000004,0.00036527238000000004
2,163.291,1.1241648,1.4368266,1.5317379,0.8476829,0.659328,0.7605098,0.43509790000000004,1.4497263,1.419759,2.0647638,0.0007238513699999999,0.0007238513699999999,0.0007238513699999999
3,241.49,1.1464596,1.2894354,1.5466670999999999,0.7795685,0.7733065,0.8147468,0.4772755,1.3714866000000001,1.3561218,1.9889594999999998,0.0010743678,0.0010743678,0.0010743678
4,319.11,1.1245509,1.1424896999999998,1.5231348,0.8409462000000001,0.8306038,0.8641762000000001,0.5510459,1.3013847,1.0465586999999998,1.8846729,0.0010635966,0.0010635966,0.0010635966
5,397.062,1.1042262,1.0764666,1.5117498,0.8768617999999999,0.8568638000000001,0.8906483000000001,0.5801945000000001,1.273734,1.0033055999999998,1.7871183,0.0010514988,0.0010514988,0.0010514988
6,474.727,1.074447,1.0177596,1.4934348000000002,0.916575,0.8735692,0.9048085,0.5979705,1.1954151,0.8490735,1.7505377999999998,0.0010393911,0.0010393911,0.0010393911
7,553.37,1.0549142999999999,0.9718335,1.4743773,0.8778112,0.8808412,0.900112,0.6065151,1.1473407,0.8531424,1.6839305999999998,0.0010272933,0.0010272933,0.0010272933
8,632.215,1.0445985,0.9329562,1.4572106999999999,0.898496,0.8974658000000001,0.9171305000000001,0.6220287,1.1298770999999999,0.8111862,1.6643286000000002,0.0010151955,0.0010151955,0.0010151955
9,710.714,1.0209275999999998,0.9226008,1.4460336,0.9180799,0.8723168,0.9294525,0.6403703,1.1033154,0.7711803,1.6363611,0.0010030977,0.0010030977,0.0010030977
10,789.341,1.0107306,0.8943462,1.4353713,0.8776092,0.8555407,0.9078183000000001,0.6309369,1.1276397,0.8151264,1.6564086,0.0009909999,0.0009909999,0.0009909999
11,867.731,1.0001376,0.8665569000000001,1.4262632999999998,0.6845477,0.5932740000000001,0.6553486,0.4269674,1.300761,1.7186004,1.8574479,0.0009789021,0.0009789021,0.0009789021
12,945.851,0.9819216000000001,0.8364213,1.4090472,0.9277456000000001,0.9170093,0.9332198,0.6467837999999999,1.0853172,0.7178787000000001,1.5821981999999999,0.0009668033100000001,0.0009668033100000001,0.0009668033100000001
13,1024.07,0.975546,0.8351738999999999,1.4065227,0.9343610999999999,0.9233622,0.9356337,0.6507834,1.063161,0.6758928,1.573704,0.00095470452,0.00095470452,0.00095470452
14,1102.56,0.9743283,0.8253531000000001,1.4059286999999998,0.9096059999999999,0.8870527,0.9120603,0.6255839,1.1014541999999998,0.7398567,1.6558641,0.00094260573,0.00094260573,0.00094260573
15,1180.59,0.9749718,0.8073945,1.4122647000000002,0.9385829,0.9266649,0.9393,0.6668525,1.0775556000000002,0.6727346999999999,1.5662196,0.00093050694,0.00093050694,0.00093050694
16,1258.97,0.9678933000000001,0.8035829999999999,1.402533,0.928897,0.9126259,0.9344217,0.6761344,1.0461825,0.6729129,1.551924,0.0009184081500000001,0.0009184081500000001,0.0009184081500000001
17,1337.22,0.9557757,0.7809516,1.3916133,0.9196151,0.9151307000000001,0.9261902,0.6579342,1.0800108,0.7026129,1.583307,0.00090630936,0.00090630936,0.00090630936
18,1415.73,0.9525186,0.7758927,1.3883562,0.9461074,0.9110503,0.9356741,0.6740033,1.0440936,0.6757344,1.5383411999999999,0.00089421057,0.00089421057,0.00089421057
19,1493.7,0.9477171,0.7564392,1.3836537,0.9466225,0.91405,0.936775,0.6838912,1.0091367,0.6591816,1.5175215,0.00088211178,0.00088211178,0.00088211178
20,1571.74,0.9359559,0.7524891,1.3724667000000002,0.9302403,0.9366942,0.9400474,0.6806491,1.0201752,0.6283728,1.5251445000000001,0.00087001299,0.00087001299,0.00087001299
21,1649.72,0.9319464,0.7455293999999999,1.3777929,0.8979102,0.8633076,0.9186051000000001,0.6333205,1.1299266000000001,0.8098398,1.6223130000000001,0.0008579142,0.0008579142,0.0008579142
22,1728.03,0.9159975,0.733194,1.3697244,0.9374618,0.9285334000000001,0.9395222000000001,0.6915874000000001,1.0111959,0.6149186999999999,1.5151553999999998,0.00084581541,0.00084581541,0.00084581541
23,1805.92,0.9310554,0.7325208,1.3674473999999999,0.9313108999999999,0.9219078,0.9350883000000001,0.660944,1.0649133,0.6617655,1.5711399,0.00083371662,0.00083371662,0.00083371662
24,1884.08,0.9174726,0.7300656,1.3669029000000001,0.9562882,0.9152720999999999,0.9440974999999999,0.6936983000000001,1.0025631000000002,0.6138,1.5040278,0.00082161783,0.00082161783,0.00082161783
25,1962.33,0.9072558000000001,0.7092855,1.3599828,0.933442,0.9381789,0.9413301000000001,0.6918196999999999,0.9943362,0.6242247000000001,1.503315,0.00080951904,0.00080951904,0.00080951904
26,2040.62,0.9120474,0.7004349,1.3524093,0.9553792,0.9264023,0.944047,0.690739,1.0094238,0.6217695,1.4968404,0.00079742025,0.00079742025,0.00079742025
27,2118.23,0.9124038,0.6962075999999999,1.3559436,0.9427744,0.9341793,0.946168,0.7017479999999999,0.9986526,0.6085134,1.4770998,0.00078532146,0.00078532146,0.00078532146
28,2196.18,0.9037116,0.7021575,1.3549338,0.933442,0.9175244,0.9389869000000001,0.687002,1.0131066,0.6245613,1.4937417,0.00077322267,0.00077322267,0.00077322267
29,2274.31,0.8959302,0.6802587,1.3427667,0.9493091,0.9320381,0.947178,0.699122,0.9909009,0.600039,1.4696946,0.00076112388,0.00076112388,0.00076112388
30,2351.79,0.8898020999999999,0.6796053,1.3451229,0.9439257999999999,0.9341086000000001,0.935866,0.6909208,0.98208,0.599247,1.4915241000000001,0.00074902509,0.00074902509,0.00074902509
31,2428.97,0.8847036,0.6870897,1.3418757,0.9433198,0.9299979,0.9436531,0.6916479999999999,1.0208385,0.6079689,1.5067701,0.0007369262999999999,0.0007369262999999999,0.0007369262999999999
32,2506.66,0.8858025,0.6745464,1.3409847,0.9469154000000001,0.9267659,0.9490465,0.7004249,0.9890496000000001,0.5886045,1.468962,0.00072482751,0.00072482751,0.00072482751
33,2584.19,0.8827632,0.6721407,1.3457961,0.9544904,0.9278365,0.9480769,0.7071414,0.9613098,0.5721606,1.4629626,0.00071272872,0.00071272872,0.00071272872
34,2662.06,0.885159,0.6765264,1.3403907000000002,0.9594999999999999,0.9273416,0.9496929,0.7092927,0.9789713999999999,0.5803875000000001,1.4693184,0.00070062993,0.00070062993,0.00070062993
35,2739.68,0.880209,0.6680223,1.3334210999999998,0.9662973,0.9332602,0.9509150000000001,0.7056667999999999,0.9730314,0.5747742,1.4624676,0.00068853114,0.00068853114,0.00068853114
36,2817.22,0.8814861,0.6603696,1.3300452,0.9695394,0.930412,0.9550660999999999,0.7127165999999999,0.9559242,0.5622507,1.4317578,0.0006764323499999999,0.0006764323499999999,0.0006764323499999999
37,2894.79,0.870705,0.6463610999999999,1.332144,0.9522886,0.9394818,0.9506625000000001,0.7086564000000001,0.9684674999999999,0.5772689999999999,1.4493798,0.00066433356,0.00066433356,0.00066433356
38,2973.04,0.8652006000000001,0.6617853,1.3253229,0.9668932,0.9268972,0.9513594,0.7122520000000001,0.9596268,0.5592807000000001,1.4441229,0.00065223477,0.00065223477,0.00065223477
39,3050.99,0.8557758,0.6530039999999999,1.3192542,0.9591263,0.9339167,0.9522886,0.7143124,0.9514692,0.5515190999999999,1.4423705999999998,0.00064013598,0.00064013598,0.00064013598
40,3129.08,0.8751996000000001,0.6476085,1.3321341,0.9488344000000001,0.937078,0.9498242,0.7037074,0.9656064,0.5692401,1.4519637,0.00062803719,0.00062803719,0.00062803719
41,3207.12,0.8584686,0.6408567,1.3216797,0.9710544,0.9263922,0.9530461,0.7136155000000001,0.9648243000000001,0.5464206,1.4420637,0.0006159383999999999,0.0006159383999999999,0.0006159383999999999
42,3285.21,0.8544789,0.6315408,1.3177692,0.9712867000000001,0.925362,0.9525511999999999,0.7193421999999999,0.9500436,0.5483808,1.4396679,0.00060383961,0.00060383961,0.00060383961
43,3363.21,0.8429553,0.6381243,1.3137596999999999,0.9588839,0.9355428,0.9519048,0.7150699,0.9588843,0.5374512,1.4510529,0.00059174082,0.00059174082,0.00059174082
44,3441.49,0.8367678,0.6331049999999999,1.311948,0.9554903,0.9412493000000001,0.9563589,0.7212915,0.9571023,0.5367681,1.4360247000000002,0.00057964203,0.00057964203,0.00057964203
45,3519.8,0.8513406,0.6216111,1.3136508,0.9634187999999999,0.9358357,0.9537935000000001,0.7212713000000001,0.9357579,0.5437575,1.4352822,0.0005675432399999999,0.0005675432399999999,0.0005675432399999999
46,3597.63,0.8406981,0.6104537999999999,1.3079979,0.9699434,0.9281596999999999,0.952329,0.7173929,0.9485982000000001,0.5432823,1.4376483,0.0005554444499999999,0.0005554444499999999,0.0005554444499999999
47,3675.77,0.8436384,0.6170175,1.3078493999999998,0.9778012,0.9306544,0.9558034,0.720635,0.9436086,0.5281254000000001,1.4275701,0.00054334566,0.00054334566,0.00054334566
48,3753.67,0.8365005,0.6135228,1.3063841999999999,0.9658933000000001,0.9312402,0.9549752,0.7220995,0.9433512,0.5412726,1.4219667,0.00053124687,0.00053124687,0.00053124687
49,3831.42,0.8416287,0.6070878,1.3020975,0.9566720000000001,0.9413604,0.951218,0.7160394999999999,0.9547362,0.5526378000000001,1.4323122,0.00051914808,0.00051914808,0.00051914808
50,3909.56,0.8374706999999999,0.5970789000000001,1.3016420999999998,0.9724381000000001,0.9360478000000001,0.9531976000000001,0.7183726,0.9518454,0.542421,1.4238675,0.0005070492899999999,0.0005070492899999999,0.0005070492899999999
51,3987.51,0.8283726,0.6108498,1.2979989,0.9561265999999999,0.9375527,0.9555610000000001,0.7271495,0.9396882,0.5313329999999999,1.4104827,0.0004949505,0.0004949505,0.0004949505
52,4065.86,0.8406089999999999,0.6087906000000001,1.3002264000000001,0.9685597,0.9336137,0.9567629,0.7293715,0.9290457,0.5359959,1.4042952,0.00048285171,0.00048285171,0.00048285171
53,4143.94,0.8276201999999999,0.5879511000000001,1.2969099,0.957076,0.9372093,0.9532481,0.7267556,0.9319068,0.5310558,1.4094927,0.00047075291999999996,0.00047075291999999996,0.00047075291999999996
54,4222.15,0.836055,0.6013161,1.3030677,0.9748924,0.9291191999999999,0.9510968,0.720029,0.9480933,0.5457177,1.4275998,0.00045865413,0.00045865413,0.00045865413
55,4300.13,0.8243136000000001,0.5841198,1.2964841999999999,0.9772457,0.9329572,0.9542581,0.7234326999999999,0.9351341999999999,0.5245515000000001,1.4201352,0.00044655534,0.00044655534,0.00044655534
56,4377.99,0.8167599,0.582021,1.2908511,0.9679032,0.9415725,0.9579749000000001,0.7272808000000001,0.9214128,0.5246505,1.4029587,0.00043445655,0.00043445655,0.00043445655
57,4456.26,0.8084241,0.5910894,1.2834953999999998,0.9699636,0.9395525,0.9583183,0.7276241999999999,0.941985,0.53262,1.4231052000000002,0.00042235776,0.00042235776,0.00042235776
58,4533.98,0.8074638,0.5740416,1.2824955,0.9682769,0.9357751,0.9550156,0.7340478,0.9181161,0.5255712,1.3973256,0.00041025896999999996,0.00041025896999999996,0.00041025896999999996
59,4611.28,0.8020089,0.5812686,1.2834756,0.9768013000000001,0.9335127000000001,0.9572881000000001,0.732048,0.9237789,0.5197598999999999,1.4021172,0.00039816018,0.00039816018,0.00039816018
60,4688.68,0.8055729,0.5739228,1.2816045,0.9602676000000001,0.9385425000000001,0.957581,0.7317652,0.9242739000000001,0.5168295,1.4071364999999998,0.00038606138999999995,0.00038606138999999995,0.00038606138999999995
61,4764.88,0.8011377,0.5567265,1.2774366,0.9735389999999999,0.9296444,0.9585606999999999,0.7206249,0.9417375,0.532917,1.4250456,0.00037396259999999997,0.00037396259999999997,0.00037396259999999997
62,4842.17,0.7954848,0.5658641999999999,1.2762189,0.9596414,0.942532,0.9600858,0.7328055,0.9270162,0.5150772,1.4102154,0.00036186381000000004,0.00036186381000000004,0.00036186381000000004
63,4919.68,0.8088299999999999,0.5608053000000001,1.2844062,0.9777102999999999,0.9296242,0.9604494,0.7323005,0.9273429000000001,0.5134536,1.3982364,0.00034976502,0.00034976502,0.00034976502
64,4997.23,0.801108,0.5593599,1.2791493,0.9761548999999999,0.9310584,0.9599646,0.7368657000000001,0.9184428,0.5087214,1.3962861,0.00033766623000000003,0.00033766623000000003,0.00033766623000000003
65,5074.26,0.7885944,0.5569542,1.2728034,0.9722765,0.9352802,0.9591465,0.7336943,0.9311246999999999,0.5127111,1.4036418000000002,0.00032556744,0.00032556744,0.00032556744
66,5151.74,0.7995438,0.5609736000000001,1.2732191999999998,0.9731552,0.9354923,0.9577526999999999,0.7311289000000001,0.9322731,0.5112558,1.4011965000000002,0.00031346865,0.00031346865,0.00031346865
67,5227.44,0.7904061,0.5529348000000001,1.2735657,0.9686708,0.9385829,0.9600959,0.7364617,0.9188784,0.5071374000000001,1.3975137,0.00030136986,0.00030136986,0.00030136986
68,5304.59,0.7825751999999999,0.5381838,1.2585771000000001,0.9705898,0.9372295,0.9559448,0.7360677999999999,0.9180864,0.5117013,1.3913361,0.00028927107,0.00028927107,0.00028927107
69,5381.84,0.7815158999999999,0.5466483000000001,1.2649923,0.9656206,0.9451377999999999,0.9588233,0.7366636999999999,0.9158688,0.5120478,1.3886136,0.00027717228000000003,0.00027717228000000003,0.00027717228000000003
70,5459.61,0.7801695000000001,0.5390154,1.2571614,0.9751752,0.9415422000000001,0.961116,0.7445316000000001,0.901296,0.4985244,1.3738626,0.00026507349,0.00026507349,0.00026507349
71,5537.46,0.7905447,0.5400846,1.264626,0.9662569000000001,0.9381284,0.9559145,0.7382999,0.9146610000000001,0.5101074000000001,1.3870494,0.0002529747,0.0002529747,0.0002529747
72,5615.08,0.7775063999999999,0.5320161,1.2584088,0.9783668,0.9338763,0.9598434,0.7409966,0.9069290999999999,0.49576230000000004,1.3785651,0.00024087591,0.00024087591,0.00024087591
73,5691.32,0.7751403,0.5310261000000001,1.2581316,0.9767104,0.9384617000000001,0.9590152000000001,0.7341487999999999,0.9188586,0.5037813,1.3890096,0.00022877712,0.00022877712,0.00022877712
74,5768.63,0.7668243,0.5349861,1.25037,0.9654792,0.9441984999999999,0.9565306,0.7373202,0.9171756,0.5026428,1.3871979,0.00021667833,0.00021667833,0.00021667833
75,5846.18,0.7712100000000001,0.534699,1.2538943999999999,0.9828613,0.9337147,0.9614998,0.7416228,0.9245709,0.4953663,1.3971078,0.00020457954,0.00020457954,0.00020457954
76,5922.52,0.7578549,0.5244624,1.2459348000000001,0.9679133,0.9378456000000001,0.9563891999999999,0.7367646999999999,0.9138492,0.5078798999999999,1.3921082999999999,0.00019248074999999998,0.00019248074999999998,0.00019248074999999998
77,5999.05,0.7604883,0.5272047,1.2537459,0.9778819999999999,0.9375325,0.9621563,0.7435216,0.9055629000000001,0.49901939999999995,1.3792878,0.00018038195999999998,0.00018038195999999998,0.00018038195999999998
78,6075.95,0.7654581,0.5239575,1.2523401,0.9821441999999999,0.9342096,0.9626714,0.7408855000000001,0.9097208999999999,0.49096080000000003,1.3794759,0.00016828317,0.00016828317,0.00016828317
79,6153.48,0.7509842999999999,0.508365,1.2451725,0.9792657,0.9362094,0.9639945,0.7414208,0.9075627,0.4939209,1.3749318,0.00015618438000000002,0.00015618438000000002,0.00015618438000000002
80,6231.57,0.7632009,0.5135922,1.251063,0.9776093,0.937684,0.9609544,0.7428146,0.9063351000000001,0.4864068,1.3787828999999998,0.00014408559000000001,0.00014408559000000001,0.00014408559000000001
81,6338.06,0.7576272,0.4228983,1.3770603000000001,0.9828916000000001,0.9358054,0.9576921,0.7399462000000001,0.9084536999999999,0.490941,1.3751000999999998,0.0001319868,0.0001319868,0.0001319868
82,6414.12,0.7434801000000001,0.4115232,1.3655268,0.9766296000000001,0.9382193000000001,0.9594394,0.7431175999999999,0.9033453,0.488862,1.3835745000000002,0.00011988801,0.00011988801,0.00011988801
83,6490.7,0.7440047999999999,0.40241520000000003,1.3633883999999998,0.9720745000000001,0.9363205,0.9577022,0.7434206000000001,0.9006327000000001,0.49569300000000005,1.3830201,0.00010778922,0.00010778922,0.00010778922
84,6567.53,0.7296596999999999,0.3993759,1.3490829,0.9758014,0.9359367,0.9602272000000001,0.7436832,0.8989992,0.4901985,1.3834556999999998,9.569043e-05,9.569043e-05,9.569043e-05
85,6644.27,0.72666,0.3943863,1.3388166000000001,0.977276,0.9339167,0.9591767999999999,0.7450265,0.8999693999999999,0.4941387,1.380258,8.359164e-05,8.359164e-05,8.359164e-05
86,6719.75,0.7203735,0.38534759999999996,1.3382127000000001,0.9761448,0.9359569,0.9614897,0.7460062000000001,0.8974646999999999,0.4887333,1.3778127,7.149285e-05,7.149285e-05,7.149285e-05
87,6795.2,0.7183835999999999,0.38266469999999997,1.3308471,0.9790233,0.9361387,0.9590758,0.7429156,0.8988012,0.4919112,1.3816043999999998,5.939406e-05,5.939406e-05,5.939406e-05
88,6870.78,0.7218486,0.3793977,1.3305402,0.9792758,0.935361,0.9585304,0.7451275,0.8955441,0.4882482,1.3783473,4.729527e-05,4.729527e-05,4.729527e-05
89,6946.46,0.7123248000000001,0.37913040000000003,1.3316985000000001,0.9792858999999999,0.9326239000000001,0.9597726999999999,0.7462991,0.8948511,0.48431789999999997,1.3762584,3.519648e-05,3.519648e-05,3.519648e-05
90,7021.75,0.7130375999999999,0.3755961,1.3243626,0.9803767,0.9346944,0.9598535,0.7474303,0.8953857,0.4818132,1.3771989,2.309769e-05,2.309769e-05,2.309769e-05
91,7099.707021348315,0.698776848,0.368084178,1.297875348,0.990180467,0.9440413440000001,0.969452035,0.754904603,0.8774779859999999,0.472176936,1.349654922,2.28667131e-05,2.28667131e-05,2.28667131e-05
92,7177.66404269663,0.68480131104,0.36072249444,1.2719178410399998,1.00008227167,0.9534817574400001,0.97914655535,0.76245364903,0.85992842628,0.46273339728,1.32266182356,2.28667131e-05,2.28667131e-05,2.28667131e-05
93,7255.6210640449435,0.6711052848192,0.3535080445512,1.2464794842191997,1.0100830943867,0.9630165750144,0.9889380209034999,0.7700781855202999,0.8427298577543998,0.4534787293344,1.2962085870888,2.28667131e-05,2.28667131e-05,2.28667131e-05
94,7333.578085393258,0.6576831791228158,0.34643788366017597,1.2215498945348158,1.0201839253305671,0.972646740764544,0.998827401112535,0.7777789673755029,0.8258752605993118,0.4444091547477119,1.2702844153470239,2.28667131e-05,2.28667131e-05,2.28667131e-05
95,7411.535106741573,0.6445295155403596,0.33950912598697247,1.1971188966441195,1.0303857645838725,0.9823732081721894,1.0088156751236603,0.785556757049258,0.8093577553873257,0.4355209716527577,1.2448787270400836,2.28667131e-05,2.28667131e-05,2.28667131e-05
96,7489.492128089888,0.6316389252295525,0.33271894346723296,1.173176518711237,1.0406896222297113,0.9921969402539114,1.0189038318748969,0.7934123246197505,0.7931706002795791,0.42681055221970254,1.2199811524992819,2.28667131e-05,2.28667131e-05,2.28667131e-05
97,7567.449149438202,0.6190061467249613,0.3260645645978883,1.1497129883370123,1.0510965184520087,1.0021189096564507,1.0290928701936461,0.8013464478659481,0.7773071882739875,0.41827434117530843,1.195581529449296,2.28667131e-05,2.28667131e-05,2.28667131e-05
98,7645.406170786517,0.606626023790462,0.3195432733059305,1.1267187285702718,1.0616074836365286,1.012140098753015,1.0393837988955823,0.8093599123446075,0.7617610445085077,0.4099088543518023,1.17166989886031,2.28667131e-05,2.28667131e-05,2.28667131e-05
99,7723.3631921348315,0.5944935033146529,0.31315240783981196,1.1041843539988667,1.072223558472894,1.0222614997405453,1.0497776368845384,0.8174535114680538,0.7465258236183376,0.4017106772647663,1.148236500883104,2.28667131e-05,2.28667131e-05,2.28667131e-05
100,7801.320213483146,0.5826036332483597,0.3068893596830157,1.0821006669188893,1.0829457940576228,1.0324841147379507,1.0602754132533836,0.8256280465827343,0.7315953071459708,0.3936764637194709,1.1252717708654418,2.28667131e-05,2.28667131e-05,2.28667131e-05
101,7879.277234831461,0.5709515605833926,0.30075157248935536,1.0604586535805114,1.0937752519981994,1.0428089558853304,1.0708781673859176,0.8338843270485617,0.7169634010030513,0.38580293444508146,1.102766335448133,2.28667131e-05,2.28667131e-05,2.28667131e-05
102,7957.234256179775,0.5595325293717247,0.29473654103956826,1.0392494805089012,1.1047130045181812,1.0532370454441835,1.0815869490597767,0.8422231703190471,0.7026241329829903,0.3780868757561799,1.0807110087391703,2.28667131e-05,2.28667131e-05,2.28667131e-05
103,8035.19127752809,0.5483418787842903,0.2888418102187769,1.0184644908987233,1.115760134563363,1.0637694158986253,1.0924028185503745,0.8506454020222376,0.6885716503233306,0.3705251382410563,1.059096788564387,2.28667131e-05,2.28667131e-05,2.28667131e-05
104,8113.148298876405,0.5373750412086044,0.28306497401440134,0.9980952010807489,1.1269177359089966,1.0744071100576116,1.1033268467358783,0.85915185604246,0.6748002173168639,0.3631146354762352,1.0379148527930993,2.28667131e-05,2.28667131e-05,2.28667131e-05
105,8191.105320224719,0.5266275403844323,0.27740367453411335,0.9781332970591338,1.1381869132680866,1.0851511811581878,1.1143601152032372,0.8677433746028846,0.6613042129705267,0.35585234276671046,1.0171565557372373,2.28667131e-05,2.28667131e-05,2.28667131e-05
106,8269.062341573033,0.5160949895767437,0.2718556010434311,0.9585706311179512,1.1495687824007674,1.0960026929697695,1.1255037163552692,0.8764208083489134,0.6480781287111161,0.34873529591137625,0.9968134246224923,2.28667131e-05,2.28667131e-05,2.28667131e-05
107,8347.019362921348,0.5057730897852087,0.26641848902256243,0.9393992184955919,1.1610644702247752,1.1069627198994672,1.1367587535188222,0.8851850164324025,0.6351165661368938,0.3417605899931487,0.9768771561300424,2.28667131e-05,2.28667131e-05,2.28667131e-05
108,8424.976384269663,0.4956576279895045,0.2610901192421111,0.92061123412568,1.172675114927023,1.118032347098462,1.1481263410540103,0.8940368665967267,0.6224142348141558,0.33492537819328566,0.9573396130074416,2.28667131e-05,2.28667131e-05,2.28667131e-05
109,8502.933405617978,0.48574447542971444,0.2558683168572689,0.9021990094431664,1.1844018660762932,1.1292126705694465,1.1596076044645505,0.9029772352626939,0.6099659501178727,0.3282268706294199,0.9381928207472927,2.28667131e-05,2.28667131e-05,2.28667131e-05
110,8580.890426966293,0.47602958592112016,0.2507509505201236,0.8841550292543031,1.196245884737056,1.1405047972751412,1.1712036805091959,0.9120070076153209,0.5977666311155152,0.3216623332168316,0.9194289643323469,2.28667131e-05,2.28667131e-05,2.28667131e-05
111,8658.847448314607,0.4665089942026977,0.24573593150972106,0.866471928669217,1.2082083435844266,1.1519098452478924,1.182915717314288,0.9211270776914741,0.5858112984932049,0.31522908655249493,0.9010403850456998,2.28667131e-05,2.28667131e-05,2.28667131e-05
112,8736.804469662922,0.45717881431864377,0.24082121287952665,0.8491424900958326,1.220290427020271,1.1634289437003713,1.1947448744874307,0.9303383484683889,0.5740950725233408,0.308924504821445,0.8830195773447859,2.28667131e-05,2.28667131e-05,2.28667131e-05
113,8814.761491011235,0.4480352380322709,0.23600478862193613,0.832159640293916,1.2324933312904738,1.1750632331373752,1.206692323232305,0.9396417319530728,0.5626131710728741,0.30274601472501617,0.8653591857978902,2.28667131e-05,2.28667131e-05,2.28667131e-05
114,8892.71851235955,0.43907453327162543,0.23128469284949738,0.8155164474880376,1.2448182646033785,1.186813865468749,1.2187592464646284,0.9490381492726037,0.5513609076514164,0.2966910944305158,0.8480520020819323,2.28667131e-05,2.28667131e-05,2.28667131e-05
115,8970.675533707865,0.430293042606193,0.22665899899250744,0.7992061185382769,1.2572664472494122,1.1986820041234365,1.2309468389292746,0.9585285307653296,0.5403336894983882,0.2907572725419055,0.8310909620402938,2.28667131e-05,2.28667131e-05,2.28667131e-05
116,9048.63255505618,0.42168718175406905,0.22212581901265727,0.7832219961675112,1.2698391117219063,1.2106688241646706,1.2432563073185672,0.9681138160729829,0.5295270157084204,0.2849421270910673,0.8144691427994877,2.28667131e-05,2.28667131e-05,2.28667131e-05
117,9126.589576404494,0.4132534381189877,0.21768330263240412,0.7675575562441611,1.2825375028391255,1.2227755124063175,1.2556888703917528,0.9777949542337127,0.5189364753942519,0.27924328454924596,0.798179759943498,2.28667131e-05,2.28667131e-05,2.28667131e-05
118,9204.54659775281,0.404988369356608,0.21332963657975604,0.7522064051192778,1.2953628778675168,1.2350032675303808,1.2682457590956706,0.9875729037760499,0.5085577458863669,0.2736584188582611,0.7822161647446281,2.28667131e-05,2.28667131e-05,2.28667131e-05
119,9282.503619101124,0.3968886019694758,0.20906304384816093,0.7371622770168924,1.308316506646192,1.2473533002056847,1.2809282166866274,0.9974486328138104,0.4983865909686396,0.26818525048109587,0.7665718414497356,2.28667131e-05,2.28667131e-05,2.28667131e-05
120,9360.460640449439,0.3889508299300863,0.20488178297119772,0.7224190314765545,1.321399671712654,1.2598268332077416,1.2937374988534938,1.0074231191419485,0.4884188591492668,0.26282154547147396,0.7512404046207408,2.28667131e-05,2.28667131e-05,2.28667131e-05
121,9438.417661797754,0.38117181333148453,0.20078414731177374,0.7079706508470234,1.3346136684297802,1.2724251015398187,1.3066748738420282,1.0174973503333677,0.4786504819662814,0.2575651145620445,0.7362155965283259,2.28667131e-05,2.28667131e-05,2.28667131e-05
122,9516.374683146067,0.37354837706485483,0.19676846436553827,0.6938112378300829,1.347959805114078,1.285149352555217,1.3197416225804488,1.0276723238367016,0.4690774723269558,0.25241381227080356,0.7214912845977595,2.28667131e-05,2.28667131e-05,2.28667131e-05
123,9594.331704494383,0.3660774095235578,0.19283309507822752,0.6799350130734813,1.361439403165219,1.2980008460807693,1.3329390388062532,1.0379490470750685,0.4596959228804167,0.2473655360253875,0.7070614589058043,2.28667131e-05,2.28667131e-05,2.28667131e-05
124,9672.288725842696,0.3587558613330866,0.18897643317666293,0.6663363128120117,1.3750537971968713,1.3109808545415769,1.3462684291943157,1.0483285375458193,0.4505020044228084,0.24241822530487975,0.6929202297276882,2.28667131e-05,2.28667131e-05,2.28667131e-05
125,9750.245747191011,0.3515807441064248,0.18519690451312967,0.6530095865557713,1.38880433516884,1.3240906630869929,1.359731113486259,1.0588118229212777,0.44149196433435217,0.23756986079878212,0.6790618251331344,2.28667131e-05,2.28667131e-05,2.28667131e-05
126,9828.202768539326,0.34454912922429637,0.18149296642286708,0.639949394824656,1.4026923785205283,1.3373315697178627,1.3733284246211217,1.0693999411504904,0.43266212504766516,0.2328184635828065,0.6654805886304718,2.28667131e-05,2.28667131e-05,2.28667131e-05
127,9906.15978988764,0.3376581466398104,0.17786310709440975,0.6271504069281628,1.4167193023057336,1.3507048854150414,1.387061708867333,1.0800939405619954,0.4240088825467118,0.22816209431115034,0.6521709768578623,2.28667131e-05,2.28667131e-05,2.28667131e-05
128,9984.116811235956,0.33090498370701416,0.17430584495252152,0.6146073987895995,1.4308864953287912,1.3642119342691919,1.4009323259560063,1.0908948799676152,0.41552870489577753,0.2235988524249273,0.6391275573207049,2.28667131e-05,2.28667131e-05,2.28667131e-05
129,10062.07383258427,0.3242868840328739,0.1708197280534711,0.6023152508138074,1.4451953602820788,1.3778540536118835,1.4149416492155664,1.1018038287672913,0.40721813079786195,0.21912687537642878,0.6263450061742908,2.28667131e-05,2.28667131e-05,2.28667131e-05
130,10140.030853932585,0.3178011463522164,0.16740333349240166,0.5902689457975314,1.4596473138848995,1.3916325941480023,1.4290910657077218,1.1128218670549643,0.39907376818190476,0.2147443378689002,0.613818106050805,2.28667131e-05,2.28667131e-05,2.28667131e-05
131,10217.987875280898,0.31144512342517205,0.16405526682255364,0.5784635668815807,1.4742437870237488,1.4055489200894826,1.443381976364799,1.123950085725514,0.39109229281826663,0.21044945111152222,0.6015417439297889,2.28667131e-05,2.28667131e-05,2.28667131e-05
132,10295.944896629215,0.3052162209566686,0.16077416148610257,0.566894295543949,1.4889862248939862,1.4196044092903775,1.4578157961284472,1.1351895865827693,0.38327044696190127,0.20624046208929175,0.5895109090511931,2.28667131e-05,2.28667131e-05,2.28667131e-05
133,10373.901917977528,0.2991118965375352,0.1575586782563805,0.5555564096330701,1.5038760871429262,1.4338004533832813,1.4723939540897317,1.1465414824485969,0.37560503802266326,0.2021156528475059,0.5777206908701692,2.28667131e-05,2.28667131e-05,2.28667131e-05
134,10451.858939325843,0.2931296586067845,0.1544075046912529,0.5444452814404086,1.5189148480143553,1.448138457917114,1.4871178936306289,1.1580068972730826,0.36809293726221,0.19807333979055577,0.5661662770527658,2.28667131e-05,2.28667131e-05,2.28667131e-05
135,10529.815960674157,0.28726706543464886,0.15131935459742785,0.5335563758116004,1.534103996494499,1.462619842496285,1.5019890725669351,1.1695869662458136,0.3607310785169658,0.1941118729947447,0.5548429515117105,2.28667131e-05,2.28667131e-05,2.28667131e-05
136,10607.772982022472,0.2815217241259559,0.14829296750547927,0.5228852482953684,1.5494450364594439,1.477246040921248,1.5170089632926045,1.1812828359082717,0.3535164569466265,0.19022963553484976,0.5437460924814762,2.28667131e-05,2.28667131e-05,2.28667131e-05
137,10685.730003370787,0.27589128964343673,0.14532710815536967,0.512427543329461,1.5649394868240383,1.4920185013304605,1.5321790529255308,1.1930956642673547,0.34644612780769396,0.1864250428241528,0.5328711706318467,2.28667131e-05,2.28667131e-05,2.28667131e-05
138,10763.687024719102,0.270373463850568,0.14242056599226233,0.5021789924628719,1.5805888816922788,1.5069386863437653,1.5475008434547861,1.205026620910028,0.3395172052515401,0.18269654196766974,0.5222137472192098,2.28667131e-05,2.28667131e-05,2.28667131e-05
139,10841.644046067417,0.2649659945735567,0.13957215467241707,0.49213541261361443,1.5963947705092014,1.5220080732072028,1.5629758518893337,1.2170768871191282,0.3327268611465093,0.17904261112831632,0.5117694722748256,2.28667131e-05,2.28667131e-05,2.28667131e-05
140,10919.60106741573,0.25966667468208554,0.1367807115789687,0.48229270436134214,1.6123587182142938,1.537228153939275,1.5786056104082273,1.2292476559903198,0.32607232392357904,0.17546175890575,0.5015340828293291,2.28667131e-05,2.28667131e-05,2.28667131e-05
141,10997.558088764046,0.2544733411884438,0.1340450973473893,0.4726468502741153,1.6284823053964366,1.5526004354786676,1.5943916665123095,1.2415401325502229,0.3195508774451075,0.17195252372763498,0.49150340117274255,2.28667131e-05,2.28667131e-05,2.28667131e-05
142,11075.51511011236,0.24938387436467488,0.1313641954004415,0.4631939132686329,1.6447671284504009,1.5681264398334542,1.6103355831774326,1.2539555338757251,0.31315985989620526,0.16851347325308227,0.4816733331492876,2.28667131e-05,2.28667131e-05,2.28667131e-05
143,11153.472131460674,0.24439619687738137,0.1287369114924327,0.45393003500326023,1.661214799734905,1.5838077042317888,1.6264389390092069,1.2664950892144824,0.3068966626982812,0.1651432037880206,0.4720398664863018,2.28667131e-05,2.28667131e-05,2.28667131e-05
144,11231.429152808989,0.23950827293983373,0.12616217326258403,0.444851434303195,1.677826947732254,1.5996457812741067,1.642703328399299,1.2791600401066272,0.3007587294443156,0.1618403397122602,0.4625990691565758,2.28667131e-05,2.28667131e-05,2.28667131e-05
145,11309.386174157304,0.2347181074810371,0.12363892979733236,0.4359544056171311,1.6946052172095765,1.6156422390868477,1.659130361683292,1.2919516405076934,0.29474355485542925,0.15860353291801502,0.4533470877734443,2.28667131e-05,2.28667131e-05,2.28667131e-05
146,11387.343195505618,0.23002374533141634,0.12116615120138573,0.42723531750478855,1.7115512693816726,1.6317986614777165,1.675721665300125,1.3048711569127707,0.2888486837583207,0.1554314622596547,0.44428014601797544,2.28667131e-05,2.28667131e-05,2.28667131e-05
147,11465.300216853933,0.22542327042478802,0.118742828177358,0.41869061115469275,1.728666782075489,1.6481166480924934,1.6924788819531262,1.3179198684818982,0.2830717100831543,0.1523228330144616,0.4353945430976159,2.28667131e-05,2.28667131e-05,2.28667131e-05
148,11543.257238202248,0.22091480501629224,0.11636797161381085,0.4103167989315989,1.745953449896244,1.6645978145734184,1.7094036707726574,1.331099067166717,0.2774102758814912,0.14927637635417237,0.4266866522356636,2.28667131e-05,2.28667131e-05,2.28667131e-05
149,11621.214259550561,0.2164965089159664,0.1140406121815346,0.4021104629529668,1.7634129843952067,1.6812437927191526,1.7264977074803842,1.3444100578383842,0.2718620703638613,0.1462908488270889,0.4181529191909502,2.28667131e-05,2.28667131e-05,2.28667131e-05
150,11699.171280898878,0.21216657873764708,0.11175979993790393,0.3940682536939076,1.7810471142391586,1.698056230646344,1.743762684555188,1.357854158416768,0.2664248289565841,0.14336503185054714,0.4097898608071313,2.28667131e-05,2.28667131e-05,2.28667131e-05
151,11777.12830224719,0.2079232471628941,0.10952460393914584,0.38618688862002937,1.7988575853815503,1.7150367929528076,1.7612003114007397,1.3714327000009359,0.2610963323774524,0.14049773121353618,0.4015940635909886,2.28667131e-05,2.28667131e-05,2.28667131e-05
152,11855.085323595506,0.20376478221963623,0.10733411186036293,0.3784631508476288,1.8168461612353655,1.7321871608823358,1.7788123145147472,1.3851470270009452,0.25587440572990333,0.13768777658926548,0.39356218231916884,2.28667131e-05,2.28667131e-05,2.28667131e-05
153,11933.04234494382,0.19968948657524352,0.10518742962315566,0.3708938878306762,1.835014622847719,1.749509032491159,1.7966004376598947,1.3989984972709546,0.25075691761530533,0.13493402105748017,0.3856909386727855,2.28667131e-05,2.28667131e-05,2.28667131e-05
154,12010.999366292135,0.19569569684373866,0.10308368103069256,0.3634760100740627,1.8533647690761965,1.7670041228160707,1.8145664420364938,1.4129884822436642,0.24574177926299923,0.13223534063633055,0.3779771198993298,2.28667131e-05,2.28667131e-05,2.28667131e-05
155,12088.95638764045,0.19178178290686382,0.10102200741007869,0.3562064898725814,1.8718984167669586,1.7846741640442314,1.8327121064568588,1.427118367066101,0.24082694367773916,0.12959063382360392,0.37041757750134313,2.28667131e-05,2.28667131e-05,2.28667131e-05
156,12166.913408988765,0.18794614724872655,0.0990015672618771,0.3490823600751297,1.8906174009346284,1.802520905684674,1.8510392275214274,1.4413895507367622,0.23601040480418436,0.12699882114713185,0.36300922595131624,2.28667131e-05,2.28667131e-05,2.28667131e-05
157,12244.87043033708,0.18418722430375203,0.09702153591663958,0.3421007128736272,1.9095235749439747,1.8205461147415207,1.869549619796642,1.4558034462441298,0.2312901967081007,0.12445884472418922,0.35574904143228997,2.28667131e-05,2.28667131e-05,2.28667131e-05
158,12322.827451685393,0.180503479817677,0.09508110519830679,0.33525869861615465,1.9286188106934146,1.838751575888936,1.888245115994608,1.4703614807065712,0.22666439277393868,0.12196966782970545,0.34863406060364416,2.28667131e-05,2.28667131e-05,2.28667131e-05
159,12400.78447303371,0.1768934102213235,0.09317948309434065,0.32855352464383153,1.9479049988003485,1.8571390916478252,1.9071275671545544,1.4850650955136366,0.22213110491845992,0.11953027447311133,0.3416613793915713,2.28667131e-05,2.28667131e-05,2.28667131e-05
160,12478.741494382022,0.173355542016897,0.09131589343245385,0.32198245415095494,1.9673840487883516,1.8757104825643032,1.9261988428260997,1.4999157464687727,0.21768848282009073,0.11713966898364911,0.33482815180373987,2.28667131e-05,2.28667131e-05,2.28667131e-05
161,12556.698515730337,0.16988843117655905,0.08948957556380475,0.3155428050679358,1.9870578892762356,1.8944675873899466,1.9454608312543609,1.5149149039334608,0.2133347131636889,0.11479687560397611,0.328131588767665,2.28667131e-05,2.28667131e-05,2.28667131e-05
162,12634.655537078652,0.16649066255302783,0.08769978405252866,0.3092319489665771,2.0069284681689976,1.913412263263846,1.9649154395669042,1.5300640529727956,0.2090680189004151,0.11250093809189658,0.3215689569923117,2.28667131e-05,2.28667131e-05,2.28667131e-05
163,12712.612558426967,0.16316084930196728,0.08594578837147808,0.3030473099872455,2.0269977528506877,1.9325463858964844,1.9845645939625736,1.5453646935025234,0.20488665852240678,0.11025091933005865,0.31513757785246543,2.28667131e-05,2.28667131e-05,2.28667131e-05
164,12790.569579775281,0.15989763231592796,0.08422687260404851,0.2969863637875006,2.0472677303791946,1.9518718497554493,2.004410239902199,1.5608183404375486,0.20078892535195866,0.10804590094345748,0.30883482629541614,2.28667131e-05,2.28667131e-05,2.28667131e-05
165,12868.526601123596,0.15669967966960938,0.08254233515196754,0.29104663651175056,2.067740407682986,1.9713905682530035,2.024454342301221,1.576426523841924,0.19677314684491948,0.10588498292458831,0.3026581297695078,2.28667131e-05,2.28667131e-05,2.28667131e-05
166,12946.483622471911,0.15356568607621718,0.0808914884489282,0.28522570378151557,2.0884178117598164,1.9911044739355335,2.0446988857242334,1.5921907890803433,0.19283768390802108,0.10376728326609655,0.29660496717411766,2.28667131e-05,2.28667131e-05,2.28667131e-05
167,13024.440643820224,0.15049437235469282,0.07927365867994962,0.27952118970588524,2.1093019898774146,2.0110155186748893,2.0651458745814755,1.6081126969711468,0.18898093022986065,0.10169193760077462,0.2906728678306353,2.28667131e-05,2.28667131e-05,2.28667131e-05
168,13102.39766516854,0.14748448490759897,0.07768818550635062,0.2739307659117675,2.1303950097761883,2.031125673861638,2.08579733332729,1.624193823940858,0.18520131162526346,0.09965809884875913,0.28485941047402263,2.28667131e-05,2.28667131e-05,2.28667131e-05
169,13180.354686516854,0.144534795209447,0.07613442179622361,0.26845215059353217,2.151698959873951,2.051436930600255,2.1066553066605636,1.640435762180267,0.18149728539275817,0.09766493687178394,0.2791622222645421,2.28667131e-05,2.28667131e-05,2.28667131e-05
170,13258.311707865169,0.14164409930525806,0.07461173336029914,0.26308310758166153,2.17321594947269,2.071951299906257,2.127721859727169,1.6568401198020697,0.177867339684903,0.09571163813434826,0.27357897781925133,2.28667131e-05,2.28667131e-05,2.28667131e-05
171,13336.268729213483,0.13881121731915289,0.07311949869309316,0.2578214454300283,2.1949481089674174,2.0926708129053195,2.148999078324441,1.6734085210000904,0.17430999289120494,0.0937974053716613,0.2681073982628663,2.28667131e-05,2.28667131e-05,2.28667131e-05
172,13414.225750561798,0.13603499297276983,0.0716571087192313,0.25266501652142775,2.2168975900570915,2.113597521034373,2.1704890691076857,1.6901426062100913,0.17082379303338086,0.09192145726422807,0.262745250297609,2.28667131e-05,2.28667131e-05,2.28667131e-05
173,13492.182771910113,0.13331429311331444,0.07022396654484668,0.2476117161909992,2.2390665659576623,2.1347334962447166,2.1921939597987623,1.7070440322721923,0.16740731717271323,0.09008302811894352,0.25749034529165676,2.28667131e-05,2.28667131e-05,2.28667131e-05
174,13570.139793258428,0.13064800725104816,0.06881948721394975,0.24265948186717923,2.2614572316172383,2.1560808312071633,2.2141158993967496,1.7241144725949138,0.164059170829259,0.08828136755656464,0.25234053838582365,2.28667131e-05,2.28667131e-05,2.28667131e-05
175,13648.096814606743,0.1280350471060272,0.06744309746967074,0.23780629222983563,2.2840718039334114,2.177641639519235,2.2362570583907173,1.7413556173208629,0.1607779874126738,0.08651574020543336,0.24729372761810717,2.28667131e-05,2.28667131e-05,2.28667131e-05
176,13726.053835955056,0.12547434616390662,0.06609423552027732,0.23305016638523887,2.3069125219727455,2.199418055914428,2.258619628974624,1.7587691734940718,0.15756242766442027,0.08478542540132467,0.24234785306574497,2.28667131e-05,2.28667131e-05,2.28667131e-05
177,13804.010857303372,0.1229648592406285,0.06477235080987177,0.2283891630575341,2.3299816471924726,2.2214122364735718,2.2812058252643705,1.7763568652290123,0.1544111791111319,0.08308971689329817,0.23750089600443006,2.28667131e-05,2.28667131e-05,2.28667131e-05
178,13881.967878651685,0.12050556205581593,0.06347690379367435,0.22382137979638342,2.353281463664398,2.2436263588383074,2.304017883517014,1.7941204338813026,0.15132295552890926,0.08142792255543221,0.23275087808434147,2.28667131e-05,2.28667131e-05,2.28667131e-05
179,13959.924900000002,0.11809545081469962,0.062207365717800854,0.21934495220045577,2.3768142783010413,2.266062622426691,2.3270580623521844,1.8120616382201156,0.14829649641833106,0.07979936410432358,0.22809586052265468,2.28667131e-05,2.28667131e-05,2.28667131e-05
180,14037.881921348315,0.11573354179840561,0.06096321840344484,0.21495805315644664,2.400582421084052,2.2887232486509577,2.350328642975706,1.8301822546023168,0.14533056648996442,0.0782033768222371,0.22353394331220156,2.28667131e-05,2.28667131e-05,2.28667131e-05
181,14115.83894269663,0.1134188709624375,0.05974395403537594,0.2106588920933177,2.424588245294893,2.311610481137467,2.3738319294054633,1.8484840771483402,0.14242395516016515,0.07663930928579236,0.2190632644459575,2.28667131e-05,2.28667131e-05,2.28667131e-05
182,14193.795964044944,0.11115049354318875,0.05854907495466841,0.2064457142514513,2.4488341277478414,2.3347265859488417,2.397570248699518,1.8669689179198234,0.13957547605696186,0.0751065231000765,0.21468199915703837,2.28667131e-05,2.28667131e-05,2.28667131e-05
183,14271.75298539326,0.10892748367232497,0.05737809345557504,0.2023167999664223,2.4733224690253204,2.3580738518083306,2.4215459511865136,1.8856386070990216,0.1367839665358226,0.07360439263807497,0.21038835917389756,2.28667131e-05,2.28667131e-05,2.28667131e-05
184,14349.710006741574,0.10674893399887847,0.056230531586463545,0.19827046396709386,2.4980556937155733,2.3816545903264137,2.4457614106983785,1.904494993170012,0.13404828720510614,0.07213230478531346,0.20618059199041963,2.28667131e-05,2.28667131e-05,2.28667131e-05
185,14427.667028089887,0.10461395531890089,0.055105920954734273,0.19430505468775197,2.523036250652729,2.4054711362296777,2.4702190248053624,1.923539943101712,0.13136732146100402,0.07068965868960721,0.20205698015061124,2.28667131e-05,2.28667131e-05,2.28667131e-05
186,14505.624049438204,0.10252167621252288,0.054003802535639585,0.1904189535939969,2.548266613159256,2.4295258475919748,2.494921215053416,1.942775342532729,0.12873997503178392,0.06927586551581505,0.19801584054759902,2.28667131e-05,2.28667131e-05,2.28667131e-05
187,14583.581070786517,0.10047124268827243,0.052923726484926804,0.18661057452211702,2.5737492792908494,2.4538211060678945,2.5198704272039505,1.9622030959580568,0.12616517553114828,0.06789034820549876,0.19405552373664706,2.28667131e-05,2.28667131e-05,2.28667131e-05
188,14661.538092134833,0.09846181783450698,0.051865251955228266,0.18287836303167468,2.5994867720837576,2.4783593171285734,2.5450691314759895,1.981825126917637,0.12364187202052532,0.06653254124138878,0.1901744132619141,2.28667131e-05,2.28667131e-05,2.28667131e-05
189,14739.495113483146,0.09649258147781684,0.0508279469161237,0.17922079577104116,2.6254816398045953,2.5031429102998595,2.5705198227907498,2.0016433781868135,0.12116903458011478,0.065201890416561,0.1863709249966758,2.28667131e-05,2.28667131e-05,2.28667131e-05
190,14817.452134831461,0.09456272984826049,0.049811387977801214,0.1756363798556203,2.651736456202641,2.528174339402858,2.5962250210186575,2.0216598119686817,0.11874565388851248,0.06389785260822978,0.18264350649674227,2.28667131e-05,2.28667131e-05,2.28667131e-05
